,aa,counts,E_prev_codon,E_prev_E_score,E_prev_B_score,B_prev_codon,B_prev_E_score,B_prev_B_score,E_new_codon,E_new_E_score,E_new_B_score,B_new_codon,B_new_E_score,B_new_B_score
0,M,0.04219409282700422,ATG,1.0,1.0,ATG,1.0,1.0,ATG,1.0,1.0,ATG,1.0,1.0
1,V,0.06329113924050633,GTG,0.77,0.7,GTC,0.39,0.71,GTT,1.0,1.0,GTG,0.77,0.7
2,S,0.05063291139240506,AGT,0.34,0.31,TCA,0.28,0.91,TCA,0.28,0.91,TCC,0.89,0.42
3,K,0.10126582278481013,AAA,1.0,1.0,AAG,0.29,0.33,AAA,1.0,1.0,AAG,0.29,0.33
4,G,0.10548523206751055,GGT,1.0,0.65,GGA,0.1,0.87,GGA,0.1,0.87,GGT,1.0,0.65
5,E,0.10126582278481013,GAA,1.0,1.0,GAG,0.36,0.39,GAA,1.0,1.0,GAG,0.36,0.39
6,D,0.05907172995780591,GAT,1.0,1.0,GAC,0.97,0.68,GAT,1.0,1.0,GAC,0.97,0.68
7,N,0.029535864978902954,AAC,1.0,1.0,AAT,0.37,0.85,AAT,0.37,0.85,AAC,1.0,1.0
8,A,0.046413502109704644,GCC,0.58,0.51,GCT,0.8,0.96,GCA,0.72,1.0,GCC,0.58,0.51
9,I,0.04219409282700422,ATA,0.04,0.14,ATC,1.0,0.87,ATT,0.66,1.0,ATA,0.04,0.14
10,F,0.04219409282700422,TTC,1.0,0.75,TTT,0.63,1.0,TTT,0.63,1.0,TTC,1.0,0.75
11,R,0.03375527426160337,CGT,1.0,1.0,AGA,0.02,0.65,AGA,0.02,0.65,CGA,0.05,0.19
12,H,0.02531645569620253,CAC,1.0,0.69,CAT,0.67,1.0,CAT,0.67,1.0,CAC,1.0,0.69
13,P,0.05063291139240506,CCC,0.08,0.11,CCT,0.22,0.76,CCT,0.22,0.76,CCC,0.08,0.11
14,Y,0.05063291139240506,TAC,1.0,0.75,TAT,0.79,1.0,TAT,0.79,1.0,TAC,1.0,0.75
15,T,0.05063291139240506,ACC,1.0,0.23,ACA,0.14,1.0,ACA,0.14,1.0,ACC,1.0,0.23
16,Q,0.03375527426160337,CAG,1.0,0.85,CAA,0.37,1.0,CAA,0.37,1.0,CAG,1.0,0.85
17,L,0.05485232067510549,CTG,1.0,0.67,CTT,0.12,1.0,CTT,0.12,1.0,CTG,1.0,0.67
18,W,0.012658227848101266,TGG,1.0,1.0,TGG,1.0,1.0,TGG,1.0,1.0,TGG,1.0,1.0
19,_,0.004219409282700422,TGA,0.19,0.25,TAG,0.05,0.15,TAA,1.0,1.0,TGA,0.19,0.25
